Cluster,Notes,Image
Central Library,"Visit [Space Availability - Central Library](https://nus.libcal.com/spaces?lid=7406&gid=0&c=0) to book spaces. Refer to [Terms & Conditions](https://nusu.sharepoint.com/:b:/s/APRM_csqk3b/IQCcTkBAuUw8SI6SewxTdY_UAVNf0ak4QA2VHxi5q70aSl0?e=V39gU1) and adhere to them. Bookings must be made at least 2 weeks before the event but no more than 2 months in advance.",clb.jpg
C J Koh Law Library,"Visit [Space Availability - C J Koh Law Library](https://nus.libcal.com/spaces?lid=7420) to book spaces. Refer to [Terms & Conditions](https://nusu.sharepoint.com/:b:/s/APRM_csqk3b/IQBtYqYykxC4SYrYvy5DfOPrAT8OfTrDOTEYPphH7CAMiIk?e=5pnyYW) and adhere to them. Bookings must be made at least 2 weeks before the event but no more than 2 months in advance.",cjkoh-law-library.jpg
School of Computing,"Check for venue availability at the [ACES Facility Booking System](https://aces.nus.edu.sg/fbs/jsp/safeLandingPage.jsp) before sending in booking requests, by selecting General Facilities. Submit your booking request via [SoC RT](https://rt.comp.nus.edu.sg/).",soc.webp
Medicine+Science Library,"Visit [Space Availability - Medicine+Science Library](https://nus.libcal.com/spaces?lid=7420) to book spaces. Refer to [Terms & Conditions](https://nusu.sharepoint.com/:b:/s/APRM_csqk3b/IQAMMv5YGdAKTpH9d9RU3Q4nAcr-aQeASUenyS-fCGKdn0Q?e=3OhwpC) and adhere to them. Bookings must be made at least 2 weeks before the event but no more than 2 months in advance.",medsci-library.jpg
Shaw Foundation Alumni House,"Visit [UCI website](https://uci.nus.edu.sg/campus-life/campus-services/sfah/availability-and-enquiry/) for venue listing. For enquiries, email sfahvenue@nus.edu.sg. A minimum booking duration of 4 hours is required.",shaw-foundation-alumni.jpg
University Cultural Centre,"Visit [UCC website](https://uci.nus.edu.sg/campus-life/university-cultural-centre/) to view the venues available at the University Cultural Centre. For enquiries, email uccvenues@nus.edu.sg. Venues are released for booking up to a year in advance and bookings require at least 3 months' notice. Minimum booking duration is 8 continuous hours.",ucc.jpg
University Hall,"No loitering after 10pm. Do inform the security to turn the lights off at the end of the session.",uhall.jpg
UTown,"For events booking, please contact utown@nus.edu.sg with the [UTown Booking Form](https://utownfbs.nus.edu.sg/utown/BookingForm.doc) and staff advisor endorsement for rental rates and booking procedures. Requests should be notified in advance as the booking form has to be submitted at least one month before event setup begins. Practice rooms and studios are available at the Stephen Riady Centre for activities ranging from dance and drama practices to judo and yoga. To book a practice space for self-practice, please visit [UTown Facilities Booking System](https://utownfbs.nus.edu.sg/utown/apptop.aspx). Refer to [FBS User Guide](https://utownfbs.nus.edu.sg/utown/UserGuide.pdf) for guidelines. Bookings must be made at least 3 days in advance and can be made up to 7 days in advance. Students/staffs can book practice spaces up to 2 hours a day, with a maximum of 3 times a week. Please note that individual bookings are for self-practice or activities involving NUS staff/students only. Users are not allowed to bring in external guests/visitor. External parties interested in booking UTown facilities and/or spaces may approach the [Conferences & Events Management Unit](https://uci.nus.edu.sg/ceu/) via email ceu@nus.edu.sg. All bookings of facilities are subjected to the [Terms & Conditions](https://uci.nus.edu.sg/wp-content/uploads/2025/01/UTown-Facilities-Booking-T-and-C.pdf). For enquiries, please email utown@nus.edu.sg.",utown.jpg
Wan Boo Sow Chinese Library,"Refer to [Terms & Conditions](https://nusu.sharepoint.com/:b:/s/APRM_csqk3b/IQCcTkBAuUw8SI6SewxTdY_UAVNf0ak4QA2VHxi5q70aSl0?e=OjdO7o) and adhere to them. Bookings must be made at least 2 weeks before the event but no more than 2 months in advance.",wbs-chinese-library.jpg
Yale-NUS College,"Email Conferences and Events Unit at ceu@nus.edu.sg or contact NUS College administrator at nuscollege@nus.edu.sg.",yale-nus.png
Yong Siew Toh Conservatory of Music,"Visit the [YST Venues page](https://www.ystmusic.nus.edu.sg/facilities-venues/) for a full listing of available spaces. To book a venue or review the terms and conditions, scroll to the Venue Hire section under [Facilties & Venues](https://www.ystmusic.nus.edu.sg/facilities-venues/) and select 'View Rental Rate and Book Now' to download the request form. Email the completed form to musvenues@nus.edu.sg. YST students can book most venues directly through [ASIMUT](http://ystmusic.asimut.net/public). Refer to [ASIMUT Student Guide](https://www.ystmusic.nus.edu.sg/wp-content/uploads/2021/04/ASIMUT-Student-Guide_v1.pdf) available under [Student Resources](https://www.ystmusic.nus.edu.sg/student-resources/) for setup instructions. However, The Concert Hall, Orchestra Hall, and Steven Baxter Recital Studio cannot be booked through ASIMUT. To request one, email Ms Poo Lai Fong in Programming & Productions at laifong@nus.edu.sg. Requests will be considered on a case-by-case basis and subject to availability.",yst.jpg
Yusof Ishak House,"Refer to [REBOKS User Guide for Group Representatives](https://nusync.nus.edu.sg/get_file?eid=03da6acb2dc6fbc7f45e9881b32d082a) under NUSync Resources by OSA. For ad hoc bookings without a REBOKS account, groups can write to YIHvenues@nus.edu.sg. Staff Advisor must approve the booking within 5 days of submission otherwise the booking will be auto rejected by the system. Cancellations must be done in REBOKS at least 3 days before the actual booking date. Refer to [FAQ](https://uci.nus.edu.sg/wp-content/uploads/2024/07/REBOKS-FAQs.pdf).",yih.jpg
